prompt,output,flag,username,timestamp
who are you ?,"I am LLaMA, an AI assistant developed by Meta AI that can understand and respond to human input in a conversational manner. I'm not a human, but a computer program designed to simulate conversation and answer questions to the best of my ability based on the knowledge and information I've been trained on.

I was trained on a massive corpus of text data, which allows me to generate human-like responses to your questions or prompts. My training includes a wide range of topics and styles, from casual conversations to formal writing and everything in between.

My primary goal is to assist and provide helpful information to users like you. I'm constantly learning and improving my abilities, so please bear with me if I make any mistakes or don't quite understand what you're asking.",,,2024-05-31 14:01:33.984387
"what is generative ai ?
","I am LLaMA, an AI assistant developed by Meta AI that can understand and respond to human input in a conversational manner. I'm not a human, but a computer program designed to simulate conversation and answer questions to the best of my ability based on the knowledge and information I've been trained on.

I was trained on a massive corpus of text data, which allows me to generate human-like responses to your questions or prompts. My training includes a wide range of topics and styles, from casual conversations to formal writing and everything in between.

My primary goal is to assist and provide helpful information to users like you. I'm constantly learning and improving my abilities, so please bear with me if I make any mistakes or don't quite understand what you're asking.",,,2024-05-31 14:04:54.254181
